NAME,ID,PASSWORD
Prof. Mona Naik,4.0312E+11,4.0312E+11
Prof. Hema Sharma,4.0312E+11,4.0312E+11
Prof. Vishakha Patel,4.0312E+11,4.0312E+11
Prof. Kiran Mehta,4.0312E+11,4.0312E+11
Prof. Bobby Dilshan,4.0312E+11,4.0312E+11
Prof. Mudit Kapoor,4.0312E+11,4.0312E+11
Prof. Nidhi Raman,4.0312E+11,4.0312E+11
Prof. Genevieive Dsouza,4.0312E+11,4.0312E+11
Prof. Elsie Fernandes,4.0312E+11,4.0312E+11
Prof. Anant Shah,4.0312E+11,4.0312E+11
Prof. Huma Shaikh,4.0312E+11,4.0312E+11
Prof. Praveen Parekh,4.0312E+11,4.0312E+11
Prof. Lira Dmello,4.0312E+11,4.0312E+11
Prof. Nitin Jha,4.0312E+11,4.0312E+11
Prof. Lance Pinto,4.0312E+11,4.0312E+11
Prof. Ridhimma Shah,4.0312E+11,4.0312E+11
Prof. Aakil Premsharma,4.0312E+11,4.0312E+11
Prof. Vandana Lulla,4.0312E+11,4.0312E+11
Prof. Manish Cherian,4.0312E+11,4.0312E+11
